,id,Who do you like to collaborate the most with?
0,7883fd04-ead8-4dc1-b885-7075f153b226,Howard Lynn
1,21b09017-dd97-402a-b7f7-0a31e500139d,Jeremy Walker
2,10528e46-d904-47eb-9f44-5d6cd2d4c92a,Erin Kelly
3,6ffe1069-c805-47a1-b4e8-d61f1d2d2d9f,Steven Rollins
4,25e7517a-ef76-4d20-80e0-0b40099aba3f,Paul Thomas
5,f0e5c994-6793-4f5e-8173-6e7b6911cd5f,Chris Mcconnell
6,55e715de-6db1-43e0-8dbe-2e576f4ba849,Dawn Patton
7,7883fd04-ead8-4dc1-b885-7075f153b226,Howard Lynn
8,fbba63ac-795a-448f-972f-caf66b0bc677,Bridget Chavez
9,647667cc-9e82-45bf-b069-abaddd3ab163,Charles Hines
10,a1caa1d0-ae5d-4e44-94e1-da975dc82332,Spencer Roberts
11,44e98a27-7753-4438-b4ae-32350d9ffc85,Zachary Campbell
12,0f0a623d-ec97-43cd-8423-3d227e2ecf4a,George Crosby
13,21b09017-dd97-402a-b7f7-0a31e500139d,Jeremy Walker
14,a339d645-d308-4906-8c05-c8a3687de22e,Tony Knox
15,1b40bac2-ca85-4de7-aef5-67aec799b4b2,Richard Campbell
16,410b1e89-0d45-408c-9d37-6b231ba0a9df,Timothy Adams
17,b6076fa5-701d-44ca-9362-9310ec79daf2,Melissa Aguirre
18,0cbd1614-654f-40e9-ab1e-567b57e318a6,Kristen Brown
19,ae3fc69c-6619-4f00-b373-1dfb98231d3f,David Flores
20,6ffe1069-c805-47a1-b4e8-d61f1d2d2d9f,Steven Rollins
21,ef7a3e67-9109-49ee-a685-1a061be191bc,Natalie Gonzalez
22,aeeaf371-5bd8-4e47-aef5-92994269514e,Robert Graham
23,8f6dfff8-baad-420f-87f6-42d8d7e03958,Anthony Rivera
24,7d091482-ed48-4123-a1bf-99a4177f24b5,Tanner Franklin
25,2548151f-a790-4d4f-9420-1068f7346b7f,Jeremy Garner
26,fc368c47-6b49-45ca-9b00-677c5b907c11,Teresa Williams
27,713d6111-0f60-4ab9-9678-993291190593,Katherine Taylor
28,df98d372-0d03-4824-adaa-cddbb8e64fed,Richard Lopez
29,1b40bac2-ca85-4de7-aef5-67aec799b4b2,Richard Campbell
30,5de418cd-9800-48f8-b628-3becc4c736a5,Erik Martin
31,357fc05a-24e9-4767-9391-1a84518847e6,Joe Boyer
32,0f0a623d-ec97-43cd-8423-3d227e2ecf4a,George Crosby
33,effb7664-ad47-411d-91ab-b5d86d7f8dba,Darren Stephens
34,e0805ae5-5c82-438b-bb37-6e3c8b7ec818,Jack Payne
35,00616d01-c84e-4ea5-b960-5431e069af91,Alyssa Durham
36,177629ec-d337-4e15-bc8b-9a2905ef0aca,Crystal Chambers
37,25e7517a-ef76-4d20-80e0-0b40099aba3f,Paul Thomas
38,bccdfa45-2079-4911-9e11-3cdca857cbff,Eric Franklin
39,55e715de-6db1-43e0-8dbe-2e576f4ba849,Dawn Patton
40,eee2d328-50ca-4408-99c8-5ad923f3e534,Heather Murray
41,b11f670d-77f1-4973-948b-911ecaaa6899,Michael Potter
42,8f6ce9ad-ac0a-4688-b14a-785289af11e6,Chad Brown
43,24b27130-e539-4e20-91a0-9c2388eb4bb7,Brenda Lee
44,afd4a987-6811-4cc6-a6b1-7b50b1b58da2,Ruben Hammond
45,ca33c282-80e4-4d52-9910-11a71e3636c4,Joel Davis
46,61499509-0dc2-44e4-be66-899460d9bcc7,Charles Figueroa
47,e6eb0bf1-6643-440b-b843-4956223e1a30,David Freeman
48,f0e5c994-6793-4f5e-8173-6e7b6911cd5f,Chris Mcconnell
49,97f73138-6bcd-4522-b529-abc52dbc36bd,Susan Anderson
50,5d28e324-07e1-47bf-bc6e-ded52f29c9c9,Rodney Weaver
51,ec4b8f67-e4bc-48ff-888b-9c22c8c61dbb,Susan Burns
52,ad6caa54-ab74-4731-ac41-d4303ac74fc3,Kimberly Flores
53,4de89b6f-cbc5-4711-961f-320f71860e58,Taylor Weiss
54,97f73138-6bcd-4522-b529-abc52dbc36bd,Susan Anderson
55,6ffe1069-c805-47a1-b4e8-d61f1d2d2d9f,Steven Rollins
56,b8e8f89e-3768-4443-aa6b-1f00488563d2,Colleen Blankenship
57,a1caa1d0-ae5d-4e44-94e1-da975dc82332,Spencer Roberts
58,2bb9ee9e-d14d-4350-9a2a-e81c3b8456f3,Angela Mendoza
59,6ffe1069-c805-47a1-b4e8-d61f1d2d2d9f,Steven Rollins
60,3b3461be-e6e7-4ea2-abf4-160d96cdcf5f,Cheryl Rodriguez
61,a4af11a6-b08e-439b-9a89-7374e7b455a4,Marcus Miller
62,2bb9ee9e-d14d-4350-9a2a-e81c3b8456f3,Angela Mendoza
63,7883fd04-ead8-4dc1-b885-7075f153b226,Howard Lynn
64,4e24e856-5c88-47f4-b10b-636039048568,Kayla White
65,009bcdc6-2adc-48e1-82ad-fb0f07545da7,Alexa Russo
66,8f4f0941-b596-4718-a122-37e7717800b5,Gail Collins
67,effb7664-ad47-411d-91ab-b5d86d7f8dba,Darren Stephens
68,d724a0d4-7fe0-4d98-80c2-8ce89b62a934,David Robinson
69,ae3fc69c-6619-4f00-b373-1dfb98231d3f,David Flores
70,647667cc-9e82-45bf-b069-abaddd3ab163,Charles Hines
71,effb7664-ad47-411d-91ab-b5d86d7f8dba,Darren Stephens
72,21b09017-dd97-402a-b7f7-0a31e500139d,Jeremy Walker
73,75c849f5-bd4a-48df-95c1-5fac5c30c1dc,Joseph Cook
74,8f6dfff8-baad-420f-87f6-42d8d7e03958,Anthony Rivera
75,ae3fc69c-6619-4f00-b373-1dfb98231d3f,David Flores
76,ef7a3e67-9109-49ee-a685-1a061be191bc,Natalie Gonzalez
77,f0e5c994-6793-4f5e-8173-6e7b6911cd5f,Chris Mcconnell
78,9a15941c-53eb-43a5-be9c-93e864f8a02b,Grant Lindsey
79,5601d08c-7882-4abe-b912-2054aba79ad5,Billy Munoz
80,0d65810a-0766-41d2-9db8-8b8b010f23ec,Derek Johnson
81,ba6dd1fb-ddbd-421c-97c0-d8152d384b47,Timothy Young
82,16c3c5f1-c5e7-4053-ac12-17fb8e5d5b6f,Rachel Simmons
83,50f1ebfc-b84d-4238-8b43-170de3780f21,Jessica Hoover MD
84,0929b435-5ac8-4e5a-97a9-d17b23a2849c,Alan Miller
85,0d65810a-0766-41d2-9db8-8b8b010f23ec,Derek Johnson
86,e6b71d11-a529-4746-a08d-edeea3a22b55,Ashley Cardenas
87,10528e46-d904-47eb-9f44-5d6cd2d4c92a,Erin Kelly
88,b6076fa5-701d-44ca-9362-9310ec79daf2,Melissa Aguirre
89,df98d372-0d03-4824-adaa-cddbb8e64fed,Richard Lopez
90,713d6111-0f60-4ab9-9678-993291190593,Katherine Taylor
91,effb7664-ad47-411d-91ab-b5d86d7f8dba,Darren Stephens
92,df98d372-0d03-4824-adaa-cddbb8e64fed,Richard Lopez
93,df98d372-0d03-4824-adaa-cddbb8e64fed,Richard Lopez
94,8f6ce9ad-ac0a-4688-b14a-785289af11e6,Chad Brown
95,357fc05a-24e9-4767-9391-1a84518847e6,Joe Boyer
96,e1a22334-d7ca-4080-aa1a-401ab8938c09,Jocelyn Johnson
97,50f1ebfc-b84d-4238-8b43-170de3780f21,Jessica Hoover MD
98,e6b71d11-a529-4746-a08d-edeea3a22b55,Ashley Cardenas
99,ae3fc69c-6619-4f00-b373-1dfb98231d3f,David Flores
100,ef7a3e67-9109-49ee-a685-1a061be191bc,Natalie Gonzalez
101,8f6dfff8-baad-420f-87f6-42d8d7e03958,Anthony Rivera
102,6ffe1069-c805-47a1-b4e8-d61f1d2d2d9f,Steven Rollins
103,8433a043-6d09-491c-9097-06cc9f3227c7,Kimberly Willis
104,2548151f-a790-4d4f-9420-1068f7346b7f,Jeremy Garner
105,1b40bac2-ca85-4de7-aef5-67aec799b4b2,Richard Campbell
106,7ab245cf-a420-462b-a5b6-be70d516776a,Jonathan Brooks
107,548254c9-d19f-4815-9a88-b26afdfe0b7b,Donna Wilson
108,8830b0d8-88b3-41ae-a69f-a262f5d22770,Michelle Jackson
109,20e9221c-39b1-46c0-8ba9-1890cf72f61e,Sheri Washington
110,2548151f-a790-4d4f-9420-1068f7346b7f,Jeremy Garner
111,75c849f5-bd4a-48df-95c1-5fac5c30c1dc,Joseph Cook
112,aeeaf371-5bd8-4e47-aef5-92994269514e,Robert Graham
113,ae3fc69c-6619-4f00-b373-1dfb98231d3f,David Flores
114,20e9221c-39b1-46c0-8ba9-1890cf72f61e,Sheri Washington
115,8f6dfff8-baad-420f-87f6-42d8d7e03958,Anthony Rivera
116,ef7a3e67-9109-49ee-a685-1a061be191bc,Natalie Gonzalez
117,21958872-41b9-41f8-a68b-d5a3d2d5dac3,Katherine Mccormick
118,8ce9f155-ab68-4964-9dab-c17dae29d97c,Lori Garcia
119,f2f2ad6c-909e-49ec-b4dc-baf0212d5b5e,Morgan Jackson
120,9c462d21-f4f0-47be-9740-9687f51a7f6b,Ashley Weber
121,50f1ebfc-b84d-4238-8b43-170de3780f21,Jessica Hoover MD
122,4c29e8d9-b64a-422c-ae0f-a4ed56af0390,Christian Mora
123,50f1ebfc-b84d-4238-8b43-170de3780f21,Jessica Hoover MD
124,8f4f0941-b596-4718-a122-37e7717800b5,Gail Collins
125,5d28e324-07e1-47bf-bc6e-ded52f29c9c9,Rodney Weaver
126,177629ec-d337-4e15-bc8b-9a2905ef0aca,Crystal Chambers
127,682e47b3-5e77-4d58-8b00-65f402725940,Chad Young
128,e6b71d11-a529-4746-a08d-edeea3a22b55,Ashley Cardenas
129,1b40bac2-ca85-4de7-aef5-67aec799b4b2,Richard Campbell
130,1588f110-6d46-4d7b-b4ee-15850ed35d7b,Jill Moreno
131,3045fd68-a7f5-45f1-a670-bae2fc4d26bd,Angela Gregory
132,d724a0d4-7fe0-4d98-80c2-8ce89b62a934,David Robinson
133,bccdfa45-2079-4911-9e11-3cdca857cbff,Eric Franklin
134,81afb212-89b4-4205-8524-66a0b0be1136,Jay Johnson
135,a4af11a6-b08e-439b-9a89-7374e7b455a4,Marcus Miller
136,82583ad2-cd78-4b16-994b-59ee72413fd1,Scott Grant
137,fc368c47-6b49-45ca-9b00-677c5b907c11,Teresa Williams
138,6ffe1069-c805-47a1-b4e8-d61f1d2d2d9f,Steven Rollins
139,647667cc-9e82-45bf-b069-abaddd3ab163,Charles Hines
140,3b3461be-e6e7-4ea2-abf4-160d96cdcf5f,Cheryl Rodriguez
141,97f73138-6bcd-4522-b529-abc52dbc36bd,Susan Anderson
142,5d28e324-07e1-47bf-bc6e-ded52f29c9c9,Rodney Weaver
143,9c9617ed-8d70-4d8a-a0db-d7211efe0d13,Andrew Murphy
144,8f4f0941-b596-4718-a122-37e7717800b5,Gail Collins
145,009bcdc6-2adc-48e1-82ad-fb0f07545da7,Alexa Russo
146,4e24e856-5c88-47f4-b10b-636039048568,Kayla White
147,1588f110-6d46-4d7b-b4ee-15850ed35d7b,Jill Moreno
148,4e24e856-5c88-47f4-b10b-636039048568,Kayla White
149,682e47b3-5e77-4d58-8b00-65f402725940,Chad Young
150,6ffe1069-c805-47a1-b4e8-d61f1d2d2d9f,Steven Rollins
151,39b83de4-efbe-454a-95d7-469a009be9af,Brenda Stephenson
152,ca578215-bd9a-4bf0-9787-7eab529e3146,Laurie Smith
153,fc368c47-6b49-45ca-9b00-677c5b907c11,Teresa Williams
154,3045fd68-a7f5-45f1-a670-bae2fc4d26bd,Angela Gregory
155,81afb212-89b4-4205-8524-66a0b0be1136,Jay Johnson
156,de545ffa-687a-4e2c-9ca4-8b883a5ec08d,Brandon Green
157,52585499-962b-408e-8633-5c9a1f779d0a,Randy Johnson
158,77518398-2545-4f67-b7ff-075540d47720,Michael Norris
159,faacd95f-5e72-44bd-9538-0becaa6b1776,Stephen Dawson
160,04714585-0e8f-4303-9732-3f58689eba56,Christina Gordon MD
161,8f4f0941-b596-4718-a122-37e7717800b5,Gail Collins
162,97a68224-992e-43d5-9a1a-9921164d9278,Robert Thomas
163,1243a1ed-4577-4f8e-84a2-86e1bc9cbb36,Stacy Hill
164,7883fd04-ead8-4dc1-b885-7075f153b226,Howard Lynn
165,009bcdc6-2adc-48e1-82ad-fb0f07545da7,Alexa Russo
166,55e715de-6db1-43e0-8dbe-2e576f4ba849,Dawn Patton
167,dac8a244-42d8-4b91-a802-0c0b7b2d934f,Kimberly Alvarado
168,548254c9-d19f-4815-9a88-b26afdfe0b7b,Donna Wilson
169,4c29e8d9-b64a-422c-ae0f-a4ed56af0390,Christian Mora
170,279e4ce5-be1f-402e-b67d-3cc0572cf596,Ryan Berry
171,8ce9f155-ab68-4964-9dab-c17dae29d97c,Lori Garcia
172,21b09017-dd97-402a-b7f7-0a31e500139d,Jeremy Walker
173,f2f2ad6c-909e-49ec-b4dc-baf0212d5b5e,Morgan Jackson
174,d4a7eaf6-386c-48d6-85ea-7c9e4255da4e,Lori Compton
175,1b40bac2-ca85-4de7-aef5-67aec799b4b2,Richard Campbell
176,b6076fa5-701d-44ca-9362-9310ec79daf2,Melissa Aguirre
177,8433a043-6d09-491c-9097-06cc9f3227c7,Kimberly Willis
178,44e98a27-7753-4438-b4ae-32350d9ffc85,Zachary Campbell
179,9043f9d0-3957-4678-96f3-fa559cf79998,Joseph Rivas
180,50f1ebfc-b84d-4238-8b43-170de3780f21,Jessica Hoover MD
181,55e715de-6db1-43e0-8dbe-2e576f4ba849,Dawn Patton
182,3e515af2-73a9-468c-a776-16b29722e1ee,Lonnie Noble
183,d724a0d4-7fe0-4d98-80c2-8ce89b62a934,David Robinson
184,ec4b8f67-e4bc-48ff-888b-9c22c8c61dbb,Susan Burns
185,5d28e324-07e1-47bf-bc6e-ded52f29c9c9,Rodney Weaver
186,97f73138-6bcd-4522-b529-abc52dbc36bd,Susan Anderson
187,b6076fa5-701d-44ca-9362-9310ec79daf2,Melissa Aguirre
188,453bc5d6-d30e-4f16-8bb4-39b1a9274aee,Veronica Moyer
189,7ab245cf-a420-462b-a5b6-be70d516776a,Jonathan Brooks
190,177629ec-d337-4e15-bc8b-9a2905ef0aca,Crystal Chambers
191,1cab345e-3fa6-4c18-841a-049344dca1f4,Teresa Navarro
192,2548151f-a790-4d4f-9420-1068f7346b7f,Jeremy Garner
193,20e9221c-39b1-46c0-8ba9-1890cf72f61e,Sheri Washington
194,8f6dfff8-baad-420f-87f6-42d8d7e03958,Anthony Rivera
195,9289f412-7145-4582-83c6-cf4fc1e433a3,Kim Garcia
196,97f73138-6bcd-4522-b529-abc52dbc36bd,Susan Anderson
197,7883fd04-ead8-4dc1-b885-7075f153b226,Howard Lynn
198,1b40bac2-ca85-4de7-aef5-67aec799b4b2,Richard Campbell
199,b11f670d-77f1-4973-948b-911ecaaa6899,Michael Potter
200,177629ec-d337-4e15-bc8b-9a2905ef0aca,Crystal Chambers
201,cd3c2ec6-1510-4bcc-a853-b59a2af40295,Christian Hernandez
202,df98d372-0d03-4824-adaa-cddbb8e64fed,Richard Lopez
203,e1a22334-d7ca-4080-aa1a-401ab8938c09,Jocelyn Johnson
204,279e4ce5-be1f-402e-b67d-3cc0572cf596,Ryan Berry
205,cd3c2ec6-1510-4bcc-a853-b59a2af40295,Christian Hernandez
206,21b09017-dd97-402a-b7f7-0a31e500139d,Jeremy Walker
207,7883fd04-ead8-4dc1-b885-7075f153b226,Howard Lynn
208,de545ffa-687a-4e2c-9ca4-8b883a5ec08d,Brandon Green
209,4e24e856-5c88-47f4-b10b-636039048568,Kayla White
210,1b40bac2-ca85-4de7-aef5-67aec799b4b2,Richard Campbell
211,5de418cd-9800-48f8-b628-3becc4c736a5,Erik Martin
212,8830b0d8-88b3-41ae-a69f-a262f5d22770,Michelle Jackson
213,97a68224-992e-43d5-9a1a-9921164d9278,Robert Thomas
214,1588f110-6d46-4d7b-b4ee-15850ed35d7b,Jill Moreno
215,bccdfa45-2079-4911-9e11-3cdca857cbff,Eric Franklin
216,61499509-0dc2-44e4-be66-899460d9bcc7,Charles Figueroa
217,f0e5c994-6793-4f5e-8173-6e7b6911cd5f,Chris Mcconnell
218,5601d08c-7882-4abe-b912-2054aba79ad5,Billy Munoz
219,e0805ae5-5c82-438b-bb37-6e3c8b7ec818,Jack Payne
220,df98d372-0d03-4824-adaa-cddbb8e64fed,Richard Lopez
221,df98d372-0d03-4824-adaa-cddbb8e64fed,Richard Lopez
222,357fc05a-24e9-4767-9391-1a84518847e6,Joe Boyer
223,00616d01-c84e-4ea5-b960-5431e069af91,Alyssa Durham
224,9043f9d0-3957-4678-96f3-fa559cf79998,Joseph Rivas
225,856167f8-769f-46ef-9ac9-a5cd479d4a72,Julian Franklin
226,bccdfa45-2079-4911-9e11-3cdca857cbff,Eric Franklin
227,b6076fa5-701d-44ca-9362-9310ec79daf2,Melissa Aguirre
228,f2f2ad6c-909e-49ec-b4dc-baf0212d5b5e,Morgan Jackson
229,713d6111-0f60-4ab9-9678-993291190593,Katherine Taylor
230,9043f9d0-3957-4678-96f3-fa559cf79998,Joseph Rivas
231,e3d827e6-1f01-4803-aaed-9b38fc68b13e,Danielle Tucker
232,5de418cd-9800-48f8-b628-3becc4c736a5,Erik Martin
233,a9fc0af9-80e5-4afd-9fd4-31343ee8def0,Michelle Conner
234,357fc05a-24e9-4767-9391-1a84518847e6,Joe Boyer
235,bccdfa45-2079-4911-9e11-3cdca857cbff,Eric Franklin
236,a9fc0af9-80e5-4afd-9fd4-31343ee8def0,Michelle Conner
237,713d6111-0f60-4ab9-9678-993291190593,Katherine Taylor
238,00616d01-c84e-4ea5-b960-5431e069af91,Alyssa Durham
239,eee2d328-50ca-4408-99c8-5ad923f3e534,Heather Murray
240,8f6ce9ad-ac0a-4688-b14a-785289af11e6,Chad Brown
241,b6076fa5-701d-44ca-9362-9310ec79daf2,Melissa Aguirre
242,9a15941c-53eb-43a5-be9c-93e864f8a02b,Grant Lindsey
243,713d6111-0f60-4ab9-9678-993291190593,Katherine Taylor
244,bccdfa45-2079-4911-9e11-3cdca857cbff,Eric Franklin
245,ca33c282-80e4-4d52-9910-11a71e3636c4,Joel Davis
246,00616d01-c84e-4ea5-b960-5431e069af91,Alyssa Durham
247,7ab245cf-a420-462b-a5b6-be70d516776a,Jonathan Brooks
248,f2f2ad6c-909e-49ec-b4dc-baf0212d5b5e,Morgan Jackson
249,55e715de-6db1-43e0-8dbe-2e576f4ba849,Dawn Patton
250,1b40bac2-ca85-4de7-aef5-67aec799b4b2,Richard Campbell
251,4c29e8d9-b64a-422c-ae0f-a4ed56af0390,Christian Mora
252,7ab245cf-a420-462b-a5b6-be70d516776a,Jonathan Brooks
253,279e4ce5-be1f-402e-b67d-3cc0572cf596,Ryan Berry
254,453bc5d6-d30e-4f16-8bb4-39b1a9274aee,Veronica Moyer
255,b6076fa5-701d-44ca-9362-9310ec79daf2,Melissa Aguirre
256,d4a7eaf6-386c-48d6-85ea-7c9e4255da4e,Lori Compton
257,8ce9f155-ab68-4964-9dab-c17dae29d97c,Lori Garcia
258,21b09017-dd97-402a-b7f7-0a31e500139d,Jeremy Walker
259,effb7664-ad47-411d-91ab-b5d86d7f8dba,Darren Stephens
260,fa234ca2-e5ee-4f3d-9353-01be15d222b1,Corey Scott
261,279e4ce5-be1f-402e-b67d-3cc0572cf596,Ryan Berry
262,25e7517a-ef76-4d20-80e0-0b40099aba3f,Paul Thomas
263,9043f9d0-3957-4678-96f3-fa559cf79998,Joseph Rivas
264,bccdfa45-2079-4911-9e11-3cdca857cbff,Eric Franklin
265,1588f110-6d46-4d7b-b4ee-15850ed35d7b,Jill Moreno
266,5601d08c-7882-4abe-b912-2054aba79ad5,Billy Munoz
267,e6eb0bf1-6643-440b-b843-4956223e1a30,David Freeman
268,f0e5c994-6793-4f5e-8173-6e7b6911cd5f,Chris Mcconnell
269,0d65810a-0766-41d2-9db8-8b8b010f23ec,Derek Johnson
270,3e515af2-73a9-468c-a776-16b29722e1ee,Lonnie Noble
271,50f1ebfc-b84d-4238-8b43-170de3780f21,Jessica Hoover MD
272,16c3c5f1-c5e7-4053-ac12-17fb8e5d5b6f,Rachel Simmons
273,3e515af2-73a9-468c-a776-16b29722e1ee,Lonnie Noble
274,50f1ebfc-b84d-4238-8b43-170de3780f21,Jessica Hoover MD
275,0d65810a-0766-41d2-9db8-8b8b010f23ec,Derek Johnson
276,00616d01-c84e-4ea5-b960-5431e069af91,Alyssa Durham
277,df98d372-0d03-4824-adaa-cddbb8e64fed,Richard Lopez
278,b6076fa5-701d-44ca-9362-9310ec79daf2,Melissa Aguirre
279,8ce9f155-ab68-4964-9dab-c17dae29d97c,Lori Garcia
280,97f73138-6bcd-4522-b529-abc52dbc36bd,Susan Anderson
281,0f0a623d-ec97-43cd-8423-3d227e2ecf4a,George Crosby
282,b6076fa5-701d-44ca-9362-9310ec79daf2,Melissa Aguirre
283,3e515af2-73a9-468c-a776-16b29722e1ee,Lonnie Noble
284,ba6dd1fb-ddbd-421c-97c0-d8152d384b47,Timothy Young
285,8433a043-6d09-491c-9097-06cc9f3227c7,Kimberly Willis
286,5d28e324-07e1-47bf-bc6e-ded52f29c9c9,Rodney Weaver
287,4c29e8d9-b64a-422c-ae0f-a4ed56af0390,Christian Mora
288,5d28e324-07e1-47bf-bc6e-ded52f29c9c9,Rodney Weaver
289,3b3461be-e6e7-4ea2-abf4-160d96cdcf5f,Cheryl Rodriguez
290,bf477ca1-f0a0-4902-ba6b-3201e6cf2be3,Christopher Quinn
291,357fc05a-24e9-4767-9391-1a84518847e6,Joe Boyer
292,7aad8019-324f-4445-8f6c-c800f0b7b155,Melissa Sims
293,8ce9f155-ab68-4964-9dab-c17dae29d97c,Lori Garcia
294,0d65810a-0766-41d2-9db8-8b8b010f23ec,Derek Johnson
295,9043f9d0-3957-4678-96f3-fa559cf79998,Joseph Rivas
296,bccdfa45-2079-4911-9e11-3cdca857cbff,Eric Franklin
297,f2f2ad6c-909e-49ec-b4dc-baf0212d5b5e,Morgan Jackson
298,effb7664-ad47-411d-91ab-b5d86d7f8dba,Darren Stephens
299,0f0a623d-ec97-43cd-8423-3d227e2ecf4a,George Crosby
300,2a2b1d2f-4d21-4d7a-9e40-389e13759a2e,Rachel Buchanan
301,fa234ca2-e5ee-4f3d-9353-01be15d222b1,Corey Scott
302,713d6111-0f60-4ab9-9678-993291190593,Katherine Taylor
303,5601d08c-7882-4abe-b912-2054aba79ad5,Billy Munoz
304,e0805ae5-5c82-438b-bb37-6e3c8b7ec818,Jack Payne
305,357fc05a-24e9-4767-9391-1a84518847e6,Joe Boyer
306,bccdfa45-2079-4911-9e11-3cdca857cbff,Eric Franklin
307,97a68224-992e-43d5-9a1a-9921164d9278,Robert Thomas
308,4c29e8d9-b64a-422c-ae0f-a4ed56af0390,Christian Mora
309,ad6caa54-ab74-4731-ac41-d4303ac74fc3,Kimberly Flores
310,97f73138-6bcd-4522-b529-abc52dbc36bd,Susan Anderson
311,ec4b8f67-e4bc-48ff-888b-9c22c8c61dbb,Susan Burns
312,1588f110-6d46-4d7b-b4ee-15850ed35d7b,Jill Moreno
313,1302a639-eb60-46ff-9df7-14fecf4f6b60,Andrew Warner
314,647667cc-9e82-45bf-b069-abaddd3ab163,Charles Hines
315,b8e8f89e-3768-4443-aa6b-1f00488563d2,Colleen Blankenship
316,3b3461be-e6e7-4ea2-abf4-160d96cdcf5f,Cheryl Rodriguez
317,a4af11a6-b08e-439b-9a89-7374e7b455a4,Marcus Miller
318,1243a1ed-4577-4f8e-84a2-86e1bc9cbb36,Stacy Hill
319,1302a639-eb60-46ff-9df7-14fecf4f6b60,Andrew Warner
320,1588f110-6d46-4d7b-b4ee-15850ed35d7b,Jill Moreno
321,2611b16f-2895-4c4d-8698-86dd30b08a7a,Timothy Nicholson
322,7883fd04-ead8-4dc1-b885-7075f153b226,Howard Lynn
323,81afb212-89b4-4205-8524-66a0b0be1136,Jay Johnson
324,d724a0d4-7fe0-4d98-80c2-8ce89b62a934,David Robinson
325,7ab245cf-a420-462b-a5b6-be70d516776a,Jonathan Brooks
326,ab87cb79-bcf6-4e62-b707-105fa2acaa0b,Cesar Leon
327,de545ffa-687a-4e2c-9ca4-8b883a5ec08d,Brandon Green
328,39b83de4-efbe-454a-95d7-469a009be9af,Brenda Stephenson
329,177629ec-d337-4e15-bc8b-9a2905ef0aca,Crystal Chambers
330,453bc5d6-d30e-4f16-8bb4-39b1a9274aee,Veronica Moyer
331,8830b0d8-88b3-41ae-a69f-a262f5d22770,Michelle Jackson
332,77518398-2545-4f67-b7ff-075540d47720,Michael Norris
333,3b3461be-e6e7-4ea2-abf4-160d96cdcf5f,Cheryl Rodriguez
334,7d091482-ed48-4123-a1bf-99a4177f24b5,Tanner Franklin
335,410b1e89-0d45-408c-9d37-6b231ba0a9df,Timothy Adams
336,3e515af2-73a9-468c-a776-16b29722e1ee,Lonnie Noble
337,b6076fa5-701d-44ca-9362-9310ec79daf2,Melissa Aguirre
338,9a2ccc5b-b85a-4637-bb91-82a281203beb,Daryl Bradley
339,cd3c2ec6-1510-4bcc-a853-b59a2af40295,Christian Hernandez
340,177629ec-d337-4e15-bc8b-9a2905ef0aca,Crystal Chambers
341,e1a22334-d7ca-4080-aa1a-401ab8938c09,Jocelyn Johnson
342,1f57ad77-8f67-44f3-8f95-e5f62e77a823,John Ford
343,1f57ad77-8f67-44f3-8f95-e5f62e77a823,John Ford
344,ca33c282-80e4-4d52-9910-11a71e3636c4,Joel Davis
345,b6076fa5-701d-44ca-9362-9310ec79daf2,Melissa Aguirre
346,de545ffa-687a-4e2c-9ca4-8b883a5ec08d,Brandon Green
347,ab87cb79-bcf6-4e62-b707-105fa2acaa0b,Cesar Leon
348,81afb212-89b4-4205-8524-66a0b0be1136,Jay Johnson
349,8f4f0941-b596-4718-a122-37e7717800b5,Gail Collins
350,81afb212-89b4-4205-8524-66a0b0be1136,Jay Johnson
351,3045fd68-a7f5-45f1-a670-bae2fc4d26bd,Angela Gregory
352,4e24e856-5c88-47f4-b10b-636039048568,Kayla White
353,04714585-0e8f-4303-9732-3f58689eba56,Christina Gordon MD
354,d724a0d4-7fe0-4d98-80c2-8ce89b62a934,David Robinson
355,97f73138-6bcd-4522-b529-abc52dbc36bd,Susan Anderson
356,1b40bac2-ca85-4de7-aef5-67aec799b4b2,Richard Campbell
357,ab87cb79-bcf6-4e62-b707-105fa2acaa0b,Cesar Leon
358,0cbd1614-654f-40e9-ab1e-567b57e318a6,Kristen Brown
359,2a2b1d2f-4d21-4d7a-9e40-389e13759a2e,Rachel Buchanan
360,8f4f0941-b596-4718-a122-37e7717800b5,Gail Collins
361,81afb212-89b4-4205-8524-66a0b0be1136,Jay Johnson
362,4507277b-0026-491c-9b0d-ed7d49a52f2b,Alison Davis
363,a3bfeeac-d080-4a38-abea-1f9acfb5b8ff,Debra Mann
364,90a51e7c-ff9c-4678-935a-a264dbce6625,Emily Nelson
365,1243a1ed-4577-4f8e-84a2-86e1bc9cbb36,Stacy Hill
366,4432715f-3dfd-4c00-8780-8a166e774167,Linda Young
367,009bcdc6-2adc-48e1-82ad-fb0f07545da7,Alexa Russo
368,8f4f0941-b596-4718-a122-37e7717800b5,Gail Collins
369,faacd95f-5e72-44bd-9538-0becaa6b1776,Stephen Dawson
370,52585499-962b-408e-8633-5c9a1f779d0a,Randy Johnson
371,d724a0d4-7fe0-4d98-80c2-8ce89b62a934,David Robinson
372,7ab245cf-a420-462b-a5b6-be70d516776a,Jonathan Brooks
373,d4a7eaf6-386c-48d6-85ea-7c9e4255da4e,Lori Compton
374,7883fd04-ead8-4dc1-b885-7075f153b226,Howard Lynn
375,de545ffa-687a-4e2c-9ca4-8b883a5ec08d,Brandon Green
376,8f4f0941-b596-4718-a122-37e7717800b5,Gail Collins
377,4e24e856-5c88-47f4-b10b-636039048568,Kayla White
378,b11f670d-77f1-4973-948b-911ecaaa6899,Michael Potter
379,81afb212-89b4-4205-8524-66a0b0be1136,Jay Johnson
380,dac8a244-42d8-4b91-a802-0c0b7b2d934f,Kimberly Alvarado
381,d724a0d4-7fe0-4d98-80c2-8ce89b62a934,David Robinson
382,9043f9d0-3957-4678-96f3-fa559cf79998,Joseph Rivas
383,1243a1ed-4577-4f8e-84a2-86e1bc9cbb36,Stacy Hill
384,de545ffa-687a-4e2c-9ca4-8b883a5ec08d,Brandon Green
385,8f4f0941-b596-4718-a122-37e7717800b5,Gail Collins
386,ab87cb79-bcf6-4e62-b707-105fa2acaa0b,Cesar Leon
387,52585499-962b-408e-8633-5c9a1f779d0a,Randy Johnson
388,4e24e856-5c88-47f4-b10b-636039048568,Kayla White
389,6ffe1069-c805-47a1-b4e8-d61f1d2d2d9f,Steven Rollins
390,b11f670d-77f1-4973-948b-911ecaaa6899,Michael Potter
391,b6076fa5-701d-44ca-9362-9310ec79daf2,Melissa Aguirre
392,3e515af2-73a9-468c-a776-16b29722e1ee,Lonnie Noble
393,713d6111-0f60-4ab9-9678-993291190593,Katherine Taylor
394,357fc05a-24e9-4767-9391-1a84518847e6,Joe Boyer
395,afd4a987-6811-4cc6-a6b1-7b50b1b58da2,Ruben Hammond
396,25e7517a-ef76-4d20-80e0-0b40099aba3f,Paul Thomas
397,9043f9d0-3957-4678-96f3-fa559cf79998,Joseph Rivas
398,bccdfa45-2079-4911-9e11-3cdca857cbff,Eric Franklin
399,f2f2ad6c-909e-49ec-b4dc-baf0212d5b5e,Morgan Jackson
400,55e715de-6db1-43e0-8dbe-2e576f4ba849,Dawn Patton
401,df98d372-0d03-4824-adaa-cddbb8e64fed,Richard Lopez
402,4c29e8d9-b64a-422c-ae0f-a4ed56af0390,Christian Mora
403,0b361e4f-062d-4036-8600-7102c03415db,Jason Smith
404,00616d01-c84e-4ea5-b960-5431e069af91,Alyssa Durham
405,8f6ce9ad-ac0a-4688-b14a-785289af11e6,Chad Brown
406,24b27130-e539-4e20-91a0-9c2388eb4bb7,Brenda Lee
407,50f1ebfc-b84d-4238-8b43-170de3780f21,Jessica Hoover MD
408,8ce9f155-ab68-4964-9dab-c17dae29d97c,Lori Garcia
409,ff5f9442-15fe-4a00-9e1a-0ebb59291c6e,Colleen Christian
410,5601d08c-7882-4abe-b912-2054aba79ad5,Billy Munoz
411,a339d645-d308-4906-8c05-c8a3687de22e,Tony Knox
412,f0e5c994-6793-4f5e-8173-6e7b6911cd5f,Chris Mcconnell
413,4c29e8d9-b64a-422c-ae0f-a4ed56af0390,Christian Mora
414,6ffe1069-c805-47a1-b4e8-d61f1d2d2d9f,Steven Rollins
415,82583ad2-cd78-4b16-994b-59ee72413fd1,Scott Grant
416,fc368c47-6b49-45ca-9b00-677c5b907c11,Teresa Williams
417,6ffe1069-c805-47a1-b4e8-d61f1d2d2d9f,Steven Rollins
418,25e7517a-ef76-4d20-80e0-0b40099aba3f,Paul Thomas
419,97a68224-992e-43d5-9a1a-9921164d9278,Robert Thomas
420,1edeacda-872b-4234-8dff-2fd1ce8dadc1,Ms. Tracy Simmons
421,5de418cd-9800-48f8-b628-3becc4c736a5,Erik Martin
422,b11f670d-77f1-4973-948b-911ecaaa6899,Michael Potter
423,8b0c2401-aeb5-4788-beb6-14f2f738b3f2,Karen Hubbard
424,44e98a27-7753-4438-b4ae-32350d9ffc85,Zachary Campbell
425,410b1e89-0d45-408c-9d37-6b231ba0a9df,Timothy Adams
426,b6076fa5-701d-44ca-9362-9310ec79daf2,Melissa Aguirre
427,410b1e89-0d45-408c-9d37-6b231ba0a9df,Timothy Adams
428,b11f670d-77f1-4973-948b-911ecaaa6899,Michael Potter
429,3045fd68-a7f5-45f1-a670-bae2fc4d26bd,Angela Gregory
430,de545ffa-687a-4e2c-9ca4-8b883a5ec08d,Brandon Green
431,8f4f0941-b596-4718-a122-37e7717800b5,Gail Collins
432,4e24e856-5c88-47f4-b10b-636039048568,Kayla White
433,ab87cb79-bcf6-4e62-b707-105fa2acaa0b,Cesar Leon
434,97a68224-992e-43d5-9a1a-9921164d9278,Robert Thomas
435,9c91ca64-5d8a-473b-be4e-46e14230ae14,Alicia Gilbert
436,52585499-962b-408e-8633-5c9a1f779d0a,Randy Johnson
437,d724a0d4-7fe0-4d98-80c2-8ce89b62a934,David Robinson
438,81afb212-89b4-4205-8524-66a0b0be1136,Jay Johnson
439,9043f9d0-3957-4678-96f3-fa559cf79998,Joseph Rivas
440,effb7664-ad47-411d-91ab-b5d86d7f8dba,Darren Stephens
441,453bc5d6-d30e-4f16-8bb4-39b1a9274aee,Veronica Moyer
442,9c462d21-f4f0-47be-9740-9687f51a7f6b,Ashley Weber
443,9c91ca64-5d8a-473b-be4e-46e14230ae14,Alicia Gilbert
444,1edeacda-872b-4234-8dff-2fd1ce8dadc1,Ms. Tracy Simmons
445,8b0c2401-aeb5-4788-beb6-14f2f738b3f2,Karen Hubbard
446,e6eb0bf1-6643-440b-b843-4956223e1a30,David Freeman
447,effb7664-ad47-411d-91ab-b5d86d7f8dba,Darren Stephens
448,5de418cd-9800-48f8-b628-3becc4c736a5,Erik Martin
449,b11f670d-77f1-4973-948b-911ecaaa6899,Michael Potter
450,b6076fa5-701d-44ca-9362-9310ec79daf2,Melissa Aguirre
451,97a68224-992e-43d5-9a1a-9921164d9278,Robert Thomas
452,1edeacda-872b-4234-8dff-2fd1ce8dadc1,Ms. Tracy Simmons
453,1243a1ed-4577-4f8e-84a2-86e1bc9cbb36,Stacy Hill
454,1302a639-eb60-46ff-9df7-14fecf4f6b60,Andrew Warner
455,e79740ce-ca08-49ed-a2c0-ecc71bae6235,Kathryn Herrera
456,4507277b-0026-491c-9b0d-ed7d49a52f2b,Alison Davis
457,0bb3f53a-53f2-4b78-a770-cff4e5d446d2,Donald Kennedy
458,bff74939-99f0-4c63-b505-ccf98a9b0dbb,Michelle Davis
459,cb2056b0-d980-4afb-a928-aec456a8c7b9,Andrew Marsh
460,1243a1ed-4577-4f8e-84a2-86e1bc9cbb36,Stacy Hill
461,bff74939-99f0-4c63-b505-ccf98a9b0dbb,Michelle Davis
462,4507277b-0026-491c-9b0d-ed7d49a52f2b,Alison Davis
463,4432715f-3dfd-4c00-8780-8a166e774167,Linda Young
464,1302a639-eb60-46ff-9df7-14fecf4f6b60,Andrew Warner
465,6ef3e590-18a1-4e73-99be-f097b854f28b,Andrea Miller
466,1588f110-6d46-4d7b-b4ee-15850ed35d7b,Jill Moreno
467,682e47b3-5e77-4d58-8b00-65f402725940,Chad Young
468,2611b16f-2895-4c4d-8698-86dd30b08a7a,Timothy Nicholson
469,4e24e856-5c88-47f4-b10b-636039048568,Kayla White
470,1243a1ed-4577-4f8e-84a2-86e1bc9cbb36,Stacy Hill
471,1302a639-eb60-46ff-9df7-14fecf4f6b60,Andrew Warner
472,8f4f0941-b596-4718-a122-37e7717800b5,Gail Collins
473,4e24e856-5c88-47f4-b10b-636039048568,Kayla White
474,faacd95f-5e72-44bd-9538-0becaa6b1776,Stephen Dawson
475,52585499-962b-408e-8633-5c9a1f779d0a,Randy Johnson
476,04714585-0e8f-4303-9732-3f58689eba56,Christina Gordon MD
477,7ab245cf-a420-462b-a5b6-be70d516776a,Jonathan Brooks
478,8ce9f155-ab68-4964-9dab-c17dae29d97c,Lori Garcia
479,bccdfa45-2079-4911-9e11-3cdca857cbff,Eric Franklin
480,5601d08c-7882-4abe-b912-2054aba79ad5,Billy Munoz
481,4c29e8d9-b64a-422c-ae0f-a4ed56af0390,Christian Mora
482,2a2b1d2f-4d21-4d7a-9e40-389e13759a2e,Rachel Buchanan
483,21b09017-dd97-402a-b7f7-0a31e500139d,Jeremy Walker
484,ff043dfe-87f5-4020-be4f-4fa4a7781cd0,Allison Baker
