,id,Which coworker is the most difficult to collaborate with?
0,39b83de4-efbe-454a-95d7-469a009be9af,Brenda Stephenson
1,b11f670d-77f1-4973-948b-911ecaaa6899,Michael Potter
2,7883fd04-ead8-4dc1-b885-7075f153b226,Howard Lynn
3,10528e46-d904-47eb-9f44-5d6cd2d4c92a,Erin Kelly
4,21b09017-dd97-402a-b7f7-0a31e500139d,Jeremy Walker
5,97f73138-6bcd-4522-b529-abc52dbc36bd,Susan Anderson
6,077cdac8-969f-42f3-8b75-19cdcc8e1c79,Jonathan Hutchinson
7,b11f670d-77f1-4973-948b-911ecaaa6899,Michael Potter
8,39b83de4-efbe-454a-95d7-469a009be9af,Brenda Stephenson
9,61499509-0dc2-44e4-be66-899460d9bcc7,Charles Figueroa
10,afd4a987-6811-4cc6-a6b1-7b50b1b58da2,Ruben Hammond
11,f0e5c994-6793-4f5e-8173-6e7b6911cd5f,Chris Mcconnell
12,7ab245cf-a420-462b-a5b6-be70d516776a,Jonathan Brooks
13,44e98a27-7753-4438-b4ae-32350d9ffc85,Zachary Campbell
14,4e24e856-5c88-47f4-b10b-636039048568,Kayla White
15,2a2b1d2f-4d21-4d7a-9e40-389e13759a2e,Rachel Buchanan
16,39b83de4-efbe-454a-95d7-469a009be9af,Brenda Stephenson
17,10528e46-d904-47eb-9f44-5d6cd2d4c92a,Erin Kelly
18,0d65810a-0766-41d2-9db8-8b8b010f23ec,Derek Johnson
19,ab87cb79-bcf6-4e62-b707-105fa2acaa0b,Cesar Leon
20,81afb212-89b4-4205-8524-66a0b0be1136,Jay Johnson
21,453bc5d6-d30e-4f16-8bb4-39b1a9274aee,Veronica Moyer
22,7ab245cf-a420-462b-a5b6-be70d516776a,Jonathan Brooks
23,50f1ebfc-b84d-4238-8b43-170de3780f21,Jessica Hoover MD
24,2a2b1d2f-4d21-4d7a-9e40-389e13759a2e,Rachel Buchanan
25,077cdac8-969f-42f3-8b75-19cdcc8e1c79,Jonathan Hutchinson
26,2a2b1d2f-4d21-4d7a-9e40-389e13759a2e,Rachel Buchanan
27,10528e46-d904-47eb-9f44-5d6cd2d4c92a,Erin Kelly
28,2a2b1d2f-4d21-4d7a-9e40-389e13759a2e,Rachel Buchanan
29,10528e46-d904-47eb-9f44-5d6cd2d4c92a,Erin Kelly
30,2a2b1d2f-4d21-4d7a-9e40-389e13759a2e,Rachel Buchanan
31,61499509-0dc2-44e4-be66-899460d9bcc7,Charles Figueroa
32,410b1e89-0d45-408c-9d37-6b231ba0a9df,Timothy Adams
33,9043f9d0-3957-4678-96f3-fa559cf79998,Joseph Rivas
34,e79740ce-ca08-49ed-a2c0-ecc71bae6235,Kathryn Herrera
35,10528e46-d904-47eb-9f44-5d6cd2d4c92a,Erin Kelly
36,25e7517a-ef76-4d20-80e0-0b40099aba3f,Paul Thomas
37,ec4b8f67-e4bc-48ff-888b-9c22c8c61dbb,Susan Burns
38,0cbd1614-654f-40e9-ab1e-567b57e318a6,Kristen Brown
39,2a2b1d2f-4d21-4d7a-9e40-389e13759a2e,Rachel Buchanan
40,009bcdc6-2adc-48e1-82ad-fb0f07545da7,Alexa Russo
41,4e24e856-5c88-47f4-b10b-636039048568,Kayla White
42,1b40bac2-ca85-4de7-aef5-67aec799b4b2,Richard Campbell
43,39b83de4-efbe-454a-95d7-469a009be9af,Brenda Stephenson
44,10528e46-d904-47eb-9f44-5d6cd2d4c92a,Erin Kelly
45,1b40bac2-ca85-4de7-aef5-67aec799b4b2,Richard Campbell
46,10528e46-d904-47eb-9f44-5d6cd2d4c92a,Erin Kelly
47,effb7664-ad47-411d-91ab-b5d86d7f8dba,Darren Stephens
48,39b83de4-efbe-454a-95d7-469a009be9af,Brenda Stephenson
49,009bcdc6-2adc-48e1-82ad-fb0f07545da7,Alexa Russo
50,009bcdc6-2adc-48e1-82ad-fb0f07545da7,Alexa Russo
51,9c91ca64-5d8a-473b-be4e-46e14230ae14,Alicia Gilbert
52,b9467c16-fd19-4944-82d6-7903af84b644,George Luna
53,a3bfeeac-d080-4a38-abea-1f9acfb5b8ff,Debra Mann
54,2611b16f-2895-4c4d-8698-86dd30b08a7a,Timothy Nicholson
55,575e1416-9103-44d1-8480-e4625f37efcd,Jonathan Valencia
56,b11f670d-77f1-4973-948b-911ecaaa6899,Michael Potter
57,9c91ca64-5d8a-473b-be4e-46e14230ae14,Alicia Gilbert
58,52585499-962b-408e-8633-5c9a1f779d0a,Randy Johnson
59,39b83de4-efbe-454a-95d7-469a009be9af,Brenda Stephenson
60,81afb212-89b4-4205-8524-66a0b0be1136,Jay Johnson
61,9a15941c-53eb-43a5-be9c-93e864f8a02b,Grant Lindsey
62,1b40bac2-ca85-4de7-aef5-67aec799b4b2,Richard Campbell
